{
  "by": "timeofday",
  "split": "test",
  "slices": {
    "dawn/dusk": {
      "n_images": 778,
      "map50": 0.5519617706619387
    },
    "daytime": {
      "n_images": 5258,
      "map50": 0.5615102096553313
    },
    "night": {
      "n_images": 3929,
      "map50": 0.5280651279744567
    },
    "undefined": {
      "n_images": 35,
      "map50": 0.8267625565452913
    }
  }
}