{
  "map50": 0.682689171468696,
  "map50_95": 0.37788049827120124,
  "precision": 0.7700519331156898,
  "recall": 0.6151204935818136,
  "fps_inference_only": 116.68593772228957,
  "fps_end_to_end": 110.47184711278463,
  "inference_ms_per_image": 8.570012972599852,
  "total_ms_per_image": 9.052080019799655,
  "params_millions": 25.841497,
  "weights_size_mb": 148.3025369644165,
  "per_class": {
    "vehicle": 0.8178461805224049,
    "person": 0.6725700028085603,
    "two_wheeler": 0.5576513310751225
  }
}