{
  "map50": 0.569938116956702,
  "map50_95": 0.3057224097979024,
  "precision": 0.69912291882838,
  "recall": 0.5064327365222263,
  "fps_inference_only": 770.7463077351617,
  "fps_end_to_end": 555.4945554948678,
  "inference_ms_per_image": 1.29744377619985,
  "total_ms_per_image": 1.8001976618999267,
  "params_millions": 3.006233,
  "weights_size_mb": 5.940164566040039,
  "per_class": {
    "vehicle": 0.760456656720303,
    "person": 0.5447027057736751,
    "two_wheeler": 0.40465498837612807
  }
}