{
  "by": "timeofday",
  "split": "test",
  "slices": {
    "dawn/dusk": {
      "n_images": 778,
      "map50": 0.681612918992493
    },
    "daytime": {
      "n_images": 5258,
      "map50": 0.6932870437830826
    },
    "night": {
      "n_images": 3929,
      "map50": 0.659582415784454
    },
    "undefined": {
      "n_images": 35,
      "map50": 0.909892650214592
    }
  }
}