{
  "by": "weather",
  "split": "test",
  "slices": {
    "clear": {
      "n_images": 5346,
      "map50": 0.6735824141161877
    },
    "foggy": {
      "n_images": 13,
      "map50": 0.7770543438818224
    },
    "overcast": {
      "n_images": 1239,
      "map50": 0.6889746519177976
    },
    "partly cloudy": {
      "n_images": 738,
      "map50": 0.6926188689513745
    },
    "rainy": {
      "n_images": 738,
      "map50": 0.6587319423468998
    },
    "snowy": {
      "n_images": 769,
      "map50": 0.6611122626264548
    },
    "undefined": {
      "n_images": 1157,
      "map50": 0.7106377631603653
    }
  }
}