{
  "map50": 0.5518988464000018,
  "map50_95": 0.2988487292646253,
  "precision": 0.6701997334572664,
  "recall": 0.4859371675639354,
  "fps_inference_only": 725.8785961831578,
  "fps_end_to_end": 631.1890374761609,
  "inference_ms_per_image": 1.3776408413999774,
  "total_ms_per_image": 1.5843114196002945,
  "params_millions": 2.265753,
  "weights_size_mb": 5.466302871704102,
  "per_class": {
    "vehicle": 0.7586827546658023,
    "person": 0.5156658850762901,
    "two_wheeler": 0.3813478994579129
  }
}